{
    "rmse": {
        "mean": 1.8913263970577676,
        "std": 0.5211719304120855,
        "median": 1.8170373647597855,
        "q025": 1.0899153690792158,
        "q25": 1.5168865811184635,
        "q75": 2.18568503381297,
        "q975": 3.1098753641611143
    },
    "es": {
        "mean": 3902.6914579674285,
        "std": 2404.4708484649987,
        "median": 3301.290602306502,
        "q025": 1048.4524067622683,
        "q25": 2310.7249963215604,
        "q75": 4535.569011783442,
        "q975": 10360.877881525894
    },
    "vs": {
        "mean": 758800.4299005643,
        "std": 180552.10996109393,
        "median": 707509.7367638724,
        "q025": 581717.6839706604,
        "q25": 635041.5578360914,
        "q75": 796022.5041001712,
        "q975": 1315555.303078302
    }
}