{
    "es": {
        "mean": 2130.71969316728,
        "std": 494.1758626448289,
        "median": 2016.382012308649,
        "q025": 1537.3014959588568,
        "q25": 1792.620756586603,
        "q75": 2278.2200939164677,
        "q975": 3525.394194071345
    }
}