{
    "rmse": {
        "mean": 1.945879439860778,
        "std": 0.22297638100494474,
        "median": 1.916941336072094,
        "q025": 1.6218612046541678,
        "q25": 1.765005496717267,
        "q75": 2.0756270190265984,
        "q975": 2.443162761265201
    },
    "es": {
        "mean": 2148.80976616428,
        "std": 387.17918024286996,
        "median": 2101.632889779163,
        "q025": 1625.0548469076882,
        "q25": 1839.8681347532995,
        "q75": 2351.5411431685216,
        "q975": 3030.6763633967166
    },
    "vs": {
        "mean": 1225673.4668561374,
        "std": 164450.44057472315,
        "median": 1164289.579640349,
        "q025": 1082845.7424582788,
        "q25": 1124808.6152278185,
        "q75": 1272192.490292714,
        "q975": 1813886.2757056726
    }
}